<?xml version="1.0" encoding="UTF-8"?>
<beans:beans xmlns="http://www.springframework.org/schema/mvc"
	xmlns:xsi="http://www.w3.org/2001/XMLSchema-instance"
	xmlns:beans="http://www.springframework.org/schema/beans"
	xmlns:context="http://www.springframework.org/schema/context"
	xsi:schemaLocation="http://www.springframework.org/schema/mvc https://www.springframework.org/schema/mvc/spring-mvc.xsd
		http://www.springframework.org/schema/beans https://www.springframework.org/schema/beans/spring-beans.xsd
		http://www.springframework.org/schema/context https://www.springframework.org/schema/context/spring-context.xsd">

	<!-- DispatcherServlet Context: defines this servlet's request-processing infrastructure -->
	
	<!-- Enables the Spring MVC @Controller programming model -->
	<annotation-driven />

	<!-- Handles HTTP GET requests for /resources/** by efficiently serving up static resources in the ${webappRoot}/resources directory -->
	<resources mapping="/resources/**" location="/resources/" />

	<!-- Resolves views selected for rendering by @Controllers to .jsp resources in the /WEB-INF/views directory -->
	
	<!-- <beans:bean class="org.springframework.web.servlet.view.InternalResourceViewResolver">
		<beans:property name="prefix" value="/WEB-INF/views/" />
		<beans:property name="suffix" value=".jsp" />
	</beans:bean> -->
	
<!-- 	틀정 패키지에 있는 컨트롤러를 자동으로 생성해 주는 기능을 auto-detecting 이라고 한다
		단, 자동생성을 가지고는 setter & constructor injection 을 사용할 수 없으므로
		우리는 생성자 인젝션을 사용하기 위해 컨트롤러를 수동으로 생성해줘야 한다
		<context:component-scan base-package="com.korea.dept" /> -->
	
	<!-- DeptController 수동생성 -->
	<beans:bean class="my_controller.DeptController">
		<beans:constructor-arg ref="dept_dao"></beans:constructor-arg>
	</beans:bean>
	
	<!-- GogekController 수동생성 setter 형식 -->	
	<beans:bean class="my_controller.GogekController">
		<beans:property name="gogek_dao" ref="gogek_dao"></beans:property>
	</beans:bean>
	
</beans:beans>
