<?xml version="1.0" encoding="UTF-8"?>
<beans xmlns="http://www.springframework.org/schema/beans"
	xmlns:xsi="http://www.w3.org/2001/XMLSchema-instance"
	xmlns:context="http://www.springframework.org/schema/context"
	xsi:schemaLocation="http://www.springframework.org/schema/beans https://www.springframework.org/schema/beans/spring-beans.xsd
		http://www.springframework.org/schema/context http://www.springframework.org/schema/context/spring-context-4.3.xsd">
	
	<!-- Root Context: defines shared resources visible to all other web components -->
  <!--      	<context:component-scan base-package="com.spring.service"/>
        <context:component-scan base-package="com.spring.vo"/>
        <context:component-scan base-package="com.spring.dao"/>
        <context:component-scan base-package="com.spring.utils"/>
        <context:component-scan base-package="dao"/>
        <context:component-scan base-package="vo"/>
        <context:component-scan base-package="util"/> -->
        
		 <bean id="user_dao" class="dao.UserDAOImpl">
			<property name="sqlSession" ref="sqlSessionBean"/>	
		</bean>
		
		<bean id="user_dao2" class="dao.UserDAO">
			<property name="sqlSession" ref="sqlSessionBean"/>	
		</bean>
		
		<bean id="user_serviceBean" class="service.UserServiceImpl">
			<constructor-arg ref="user_dao"/>
		</bean>	 
			
		<bean id="book_dao" class="dao.BookDAO">
			<property name="sqlSession" ref="sqlSessionBean"/>	
		</bean>
		
		<bean id="book_serviceBean" class="service.BookServiceImpl">
			<constructor-arg ref="book_dao"/>
		</bean>	
		
        <bean id="review_dao" class="dao.ReviewDAO">
			<property name="sqlSession" ref="sqlSessionBean"/>	
		</bean>
	
		<bean id="review_vo" class="vo.ReviewVO">	
		</bean>
		
	<bean id="book_purchase_dao" class="dao.BookPurchaseDAO">
		<property name="sqlSession" ref="sqlSessionBean">
		</property>
	</bean>
		
	<bean id="shoppingCart_dao" class="dao.ShoppingCartDAO">
		<property name="sqlSession" ref="sqlSessionBean">
		</property>
	</bean>
	
	<bean id="shoppingCart_vo" class="vo.ShoppingCartVO">
	</bean>
</beans>
