<?xml version="1.0" encoding="UTF-8"?>
<beans xmlns="http://www.springframework.org/schema/beans"
       xmlns:xsi="http://www.w3.org/2001/XMLSchema-instance"
       xmlns:context="http://www.springframework.org/schema/context"
       xsi:schemaLocation="http://www.springframework.org/schema/beans
            http://www.springframework.org/schema/beans/spring-beans.xsd
            http://www.springframework.org/schema/context
            http://www.springframework.org/schema/context/spring-context-3.0.xsd">

	<!-- Root Context: defines shared resources visible to all other web components -->
	<!-- datasource 는 db.properties 에 담겨있는 db 정보에 접근한다 -->
	<!-- db.properties 에 접근하기 위해 beans 를 생성한다 -->
	
	<!-- db.properties 정보 참조 -->
	<context:property-placeholder 
	location="classpath:config/mybatis/db.properties"/>
	
	<!-- DB접근 및 DBCP 를 위한 라이브러리 -->
	<bean id="ds" class="org.apache.commons.dbcp.BasicDataSource">
		<property name="driverClassName" value="${driver}"/>
		<property name="url" value="${url}"/>
		<property name="username" value="${user}"/>
		<property name="password" value="${password}"/>
		<property name="maxActive" value="10"/>
	</bean>
	
		
</beans>

