<?xml version="1.0" encoding="UTF-8"?>
<!DOCTYPE configuration PUBLIC "-//mybatis.org//DTD Config 3.0//EN" "HTTP://mybatis.org/dtd/mybatis-3-config.dtd">

<!-- 별칭 지정, 또는 앞으로 어떤 mapping 을 할 것인지 -->

<configuration>
	<settings>
		<setting name="cacheEnabled" value="false" />
		<setting name="useGeneratedKeys" value="true" />
		<setting name="defaultExecutorType" value="REUSE" />
	</settings>
	
	<typeAliases>
		<typeAlias type="vo.DeptVO" alias="dp"/> 
		<typeAlias type="vo.GogekVO" alias="gg"/>
	</typeAliases>
	
	<mappers>
		<mapper resource="config/mybatis/mapper/dept.xml" />
		<mapper resource="config/mybatis/mapper/gogek.xml" />
	</mappers>
</configuration>

