<?xml version="1.0" encoding="UTF-8" ?>
<!DOCTYPE mapper
PUBLIC "-//mybatis.org//DTD Mapper 3.0//EN"
"http://mybatis.org/dtd/mybatis-3-mapper.dtd">

<mapper namespace="parchase">

	<!-- 사용자 목록 -->
	<select id="book_purchase_list" resultType="vo.BookPurchaseVO">
		select * from
		book_purchase where id ='jac'
	</select>

	<!--책테이블 + 구매테이블 정보+shopping cart -->
	<select id="order_list" resultType="vo.OrderVO">
		SELECT * FROM SHOPPING_CART sc JOIN BOOK_PURCHASE bp ON sc.SHOPNUM =
		bp.SHOPNUM
		JOIN book b ON sc.BOOKNUM =b.BOOKNUM
		JOIN BOOK_USER bu ON sc.ID =bu.ID
	</select>



	<!-- 총합 (책 전체) -->
	<select id="totalprice" resultType="int">
		SELECT SUM((bp.BOOKCNT *
		PRICE))
		FROM BOOK b JOIN BOOK_PURCHASE bp ON b.BOOKNUM =bp.BOOKNUM
		JOIN BOOK_USER
		bu ON bu.ID =bp.ID
	</select>


	<!-- 출고 예정 -->
	<select id="releaseBook" resultType="String">
		SELECT TO_CHAR(REGDATE +2,'RRRR-MM-DD') FROM BOOK_PURCHASE
	</select>


	<!-- 배송지 변경된 주소로 insert -->
	<insert id="isnertdelivery" parameterType="vo.DeliveryVO">
		insert into delivery
		values(delivery_seq.nextVAL,#{deliveryName},#{deliveryTel1},
		#{deliveryTel2},#{deliveryTel3},
		#{deliveryPostcode},#{deliveryAddress1},#{deliveryAddress2},'jac')
	</insert>


	<!-- 배송지 변경후 purchaseTable의 deliveryNum 1증가 시킴으로써 -->
	<!-- 기본 배송지인지 변경된 배송지인지 구분 & delivery -->
	<update id="updatedeliverysep">
		update BOOK_PURCHASE set
		deliverysep=1 where id = 'jac'
	</update>


	<!--deliverysep =0으로 초기화함 -->
	<update id="initdeliverysep">
		UPDATE BOOK_PURCHASE SET deliverysep =0 where id =
		'jac'
	</update>


	<!-- 주문 수량 -->
	<select id="totalcnt" resultType="int">
		SELECT COUNT(*) FROM
		BOOK_PURCHASE bp where id = 'jac'
	</select>

	<!-- 사용자 point update -->
	<update id="UpdateShoppingPoing" parameterType="int">
		update BOOK_USER
		set shoppoint = #{savePoint} where id = 'jac'
	</update>


	<!-- 사용자 point update -->
	<update id="UpdateMoney" parameterType="int">
		update BOOK_USER set
		money = #{update_money} where id = 'jac'
	</update>


	<delete id="delgoshoppurchse" parameterType="vo.OrderVO">
		DELETE FROM BOOK_PURCHASE
	</delete>

	<delete id="delshoppingCart" parameterType="vo.OrderVO">
		DELETE FROM SHOPPING_CART where SHOPNUM = #{shopnum}
	</delete>
	
	<update id="bigshoppingpoint" parameterType="vo.OrderVO">
		update BOOK_USER
		set shoppoint = #{bigshop} where id = 'jac'
	</update>
	


</mapper>












