<?xml version="1.0" encoding="UTF-8" ?>
<!DOCTYPE mapper
PUBLIC "-//mybatis.org//DTD Mapper 3.0//EN"
"http://mybatis.org/dtd/mybatis-3-mapper.dtd">
<mapper namespace="u">

	<!-- 사용자 목록-->
	<select id="user_list" resultType="vo.UserVO">
		select * from book_user where id = 'jac'
	</select>
	<update id="updateMoney" parameterType="int">
		update book_user set money = money + #{money} where id ='jac'  
	</update>
	
	
	<!-- loginPart -->
	<insert id="user_insert" parameterType="vo.UserVO">
		insert into book_user values( #{id},
								  #{name},
								  #{pwd},
								  #{nickname},
								  #{gender},
								  #{jumin1},
								  #{jumin2},
								  #{postcode},
								  #{address1},
								  #{address2},
								  #{email},
								  0,
								  0,
								  #{tel1},
								  #{tel2},
								  #{tel3}
								  )
	</insert>

<!-- 로그인 -->
<select id="user_login" resultType= "vo.UserVO" parameterType="String">
	select * from book_user where id = #{id}
</select>

<!-- 아이디찾기, 회원가입 유무 체크 -->  
<select id="user_search" resultType= "vo.UserVO" parameterType="String">
	select * from book_user where name = #{name}
</select>

	
</mapper>










