<?xml version="1.0" encoding="UTF-8"?>
<beans xmlns="http://www.springframework.org/schema/beans"
	xmlns:xsi="http://www.w3.org/2001/XMLSchema-instance"
	xsi:schemaLocation="http://www.springframework.org/schema/beans https://www.springframework.org/schema/beans/spring-beans.xsd">
	
	<bean id="user_dao" class="dao.UserDAO">
		<property name="sqlSession" ref="sqlSessionBean">
		</property>
	</bean>
	
	<bean id="book_dao" class="dao.BookDAO">
		<property name="sqlSession" ref="sqlSessionBean">
		</property>
	</bean>
	
	<bean id="book_purchase_dao" class="dao.BookPurchaseDAO">
		<property name="sqlSession" ref="sqlSessionBean">
		</property>
	</bean>
		
	<bean id="shoppingCart_dao" class="dao.ShoppingCartDAO">
		<property name="sqlSession" ref="sqlSessionBean">
		</property>
	</bean>
		
	
</beans>
