<?xml version="1.0" encoding="UTF-8"?>
<beans xmlns="http://www.springframework.org/schema/beans"
       xmlns:xsi="http://www.w3.org/2001/XMLSchema-instance"
       xmlns:context="http://www.springframework.org/schema/context"
       xsi:schemaLocation="http://www.springframework.org/schema/beans
            http://www.springframework.org/schema/beans/spring-beans.xsd
            http://www.springframework.org/schema/context
            http://www.springframework.org/schema/context/spring-context-3.0.xsd">


	<!-- db.properties 정보 참조 -->
	<context:property-placeholder 
	location="classpath:config/mybatis/db.properties"/>
	        
	
	<!-- DB접근 및 DBCP를 위한 라이브러리 -->
	<bean id="ds" class="org.apache.commons.dbcp.BasicDataSource">
		<property name="driverClassName" value="${driver}"/>
		<property name="url" value="${url}"/>
		<property name="username" value="${user}"/>
		<property name="password" value="${password}"/>
		<property name="maxActive" value="10"/>
	</bean>
		
</beans> 











